1343|9561|2379|2360|6229|7934|3238|2267|4630|5714|4524|4746|2590|1068|9653|3615|5220|1812|6771|9057|1649|9583|9249|7124|3769|7473|6485|1129|5481|5391|122|774|5703|5289|5487|3287|6820|6395|2098|4586|3810|6394|385|4085|2719|8883|3518|5482|668|4975|2435|9784|6172|9137|903|9660|425|5808|2242|3078|4945|9280|4451|4762|4147|708|748|7417|6843|9098|3237|734|2798|8598|4508|3705|7991|8145|1453|2715|5059|1447|4962|7316|1996|7916|1459|3975|810|2036|835|4210|9124|5468|7602|3706|1945|3564|4040|1456
2379|2360|6229|7934|3238|2267|4630|5714|4524|4746|2590|1068|9653|3615|5220|1812|6771|9057|1649|9583|9249|7124|3769|7473|6485|1129|5481|5391|122|774|5703|5289|5487|3287|6820|6395|2098|4586|3810|6394|385|4085|2719|8883|3518|5482|668|4975|2435|9784|6172|9137|903|9660|425|5808|2242|3078|4945|9280|4451|4762|4147|708|748|7417|6843|9098|3237|734|2798|8598|4508|3705|7991|8145|1453|2715|5059|1447|4962|7316|1996|7916|1459|3975|810|2036|835|4210|9124|5468|7602|3706|1945|3564|4040|1456|5812|1481
6229|7934|3238|2267|4630|5714|4524|4746|2590|1068|9653|3615|5220|1812|6771|9057|1649|9583|9249|7124|3769|7473|6485|1129|5481|5391|122|774|5703|5289|5487|3287|6820|6395|2098|4586|3810|6394|385|4085|2719|8883|3518|5482|668|4975|2435|9784|6172|9137|903|9660|425|5808|2242|3078|4945|9280|4451|4762|4147|708|748|7417|6843|9098|3237|734|2798|8598|4508|3705|7991|8145|1453|2715|5059|1447|4962|7316|1996|7916|1459|3975|810|2036|835|4210|9124|5468|7602|3706|1945|3564|4040|1456|5812|1481|9791|9600
3238|2267|4630|5714|4524|4746|2590|1068|9653|3615|5220|1812|6771|9057|1649|9583|9249|7124|3769|7473|6485|1129|5481|5391|122|774|5703|5289|5487|3287|6820|6395|2098|4586|3810|6394|385|4085|2719|8883|3518|5482|668|4975|2435|9784|6172|9137|903|9660|425|5808|2242|3078|4945|9280|4451|4762|4147|708|748|7417|6843|9098|3237|734|2798|8598|4508|3705|7991|8145|1453|2715|5059|1447|4962|7316|1996|7916|1459|3975|810|2036|835|4210|9124|5468|7602|3706|1945|3564|4040|1456|5812|1481|9791|9600|8781|7107
4630|5714|4524|4746|2590|1068|9653|3615|5220|1812|6771|9057|1649|9583|9249|7124|3769|7473|6485|1129|5481|5391|122|774|5703|5289|5487|3287|6820|6395|2098|4586|3810|6394|385|4085|2719|8883|3518|5482|668|4975|2435|9784|6172|9137|903|9660|425|5808|2242|3078|4945|9280|4451|4762|4147|708|748|7417|6843|9098|3237|734|2798|8598|4508|3705|7991|8145|1453|2715|5059|1447|4962|7316|1996|7916|1459|3975|810|2036|835|4210|9124|5468|7602|3706|1945|3564|4040|1456|5812|1481|9791|9600|8781|7107|2465|1305
4524|4746|2590|1068|9653|3615|5220|1812|6771|9057|1649|9583|9249|7124|3769|7473|6485|1129|5481|5391|122|774|5703|5289|5487|3287|6820|6395|2098|4586|3810|6394|385|4085|2719|8883|3518|5482|668|4975|2435|9784|6172|9137|903|9660|425|5808|2242|3078|4945|9280|4451|4762|4147|708|748|7417|6843|9098|3237|734|2798|8598|4508|3705|7991|8145|1453|2715|5059|1447|4962|7316|1996|7916|1459|3975|810|2036|835|4210|9124|5468|7602|3706|1945|3564|4040|1456|5812|1481|9791|9600|8781|7107|2465|1305|2796|9343
2590|1068|9653|3615|5220|1812|6771|9057|1649|9583|9249|7124|3769|7473|6485|1129|5481|5391|122|774|5703|5289|5487|3287|6820|6395|2098|4586|3810|6394|385|4085|2719|8883|3518|5482|668|4975|2435|9784|6172|9137|903|9660|425|5808|2242|3078|4945|9280|4451|4762|4147|708|748|7417|6843|9098|3237|734|2798|8598|4508|3705|7991|8145|1453|2715|5059|1447|4962|7316|1996|7916|1459|3975|810|2036|835|4210|9124|5468|7602|3706|1945|3564|4040|1456|5812|1481|9791|9600|8781|7107|2465|1305|2796|9343|8272|4812
9653|3615|5220|1812|6771|9057|1649|9583|9249|7124|3769|7473|6485|1129|5481|5391|122|774|5703|5289|5487|3287|6820|6395|2098|4586|3810|6394|385|4085|2719|8883|3518|5482|668|4975|2435|9784|6172|9137|903|9660|425|5808|2242|3078|4945|9280|4451|4762|4147|708|748|7417|6843|9098|3237|734|2798|8598|4508|3705|7991|8145|1453|2715|5059|1447|4962|7316|1996|7916|1459|3975|810|2036|835|4210|9124|5468|7602|3706|1945|3564|4040|1456|5812|1481|9791|9600|8781|7107|2465|1305|2796|9343|8272|4812|305|2409
5220|1812|6771|9057|1649|9583|9249|7124|3769|7473|6485|1129|5481|5391|122|774|5703|5289|5487|3287|6820|6395|2098|4586|3810|6394|385|4085|2719|8883|3518|5482|668|4975|2435|9784|6172|9137|903|9660|425|5808|2242|3078|4945|9280|4451|4762|4147|708|748|7417|6843|9098|3237|734|2798|8598|4508|3705|7991|8145|1453|2715|5059|1447|4962|7316|1996|7916|1459|3975|810|2036|835|4210|9124|5468|7602|3706|1945|3564|4040|1456|5812|1481|9791|9600|8781|7107|2465|1305|2796|9343|8272|4812|305|2409|8959|8214
6771|9057|1649|9583|9249|7124|3769|7473|6485|1129|5481|5391|122|774|5703|5289|5487|3287|6820|6395|2098|4586|3810|6394|385|4085|2719|8883|3518|5482|668|4975|2435|9784|6172|9137|903|9660|425|5808|2242|3078|4945|9280|4451|4762|4147|708|748|7417|6843|9098|3237|734|2798|8598|4508|3705|7991|8145|1453|2715|5059|1447|4962|7316|1996|7916|1459|3975|810|2036|835|4210|9124|5468|7602|3706|1945|3564|4040|1456|5812|1481|9791|9600|8781|7107|2465|1305|2796|9343|8272|4812|305|2409|8959|8214|2401|7110
1649|9583|9249|7124|3769|7473|6485|1129|5481|5391|122|774|5703|5289|5487|3287|6820|6395|2098|4586|3810|6394|385|4085|2719|8883|3518|5482|668|4975|2435|9784|6172|9137|903|9660|425|5808|2242|3078|4945|9280|4451|4762|4147|708|748|7417|6843|9098|3237|734|2798|8598|4508|3705|7991|8145|1453|2715|5059|1447|4962|7316|1996|7916|1459|3975|810|2036|835|4210|9124|5468|7602|3706|1945|3564|4040|1456|5812|1481|9791|9600|8781|7107|2465|1305|2796|9343|8272|4812|305|2409|8959|8214|2401|7110|9264|5149
9249|7124|3769|7473|6485|1129|5481|5391|122|774|5703|5289|5487|3287|6820|6395|2098|4586|3810|6394|385|4085|2719|8883|3518|5482|668|4975|2435|9784|6172|9137|903|9660|425|5808|2242|3078|4945|9280|4451|4762|4147|708|748|7417|6843|9098|3237|734|2798|8598|4508|3705|7991|8145|1453|2715|5059|1447|4962|7316|1996|7916|1459|3975|810|2036|835|4210|9124|5468|7602|3706|1945|3564|4040|1456|5812|1481|9791|9600|8781|7107|2465|1305|2796|9343|8272|4812|305|2409|8959|8214|2401|7110|9264|5149|873|5100
3769|7473|6485|1129|5481|5391|122|774|5703|5289|5487|3287|6820|6395|2098|4586|3810|6394|385|4085|2719|8883|3518|5482|668|4975|2435|9784|6172|9137|903|9660|425|5808|2242|3078|4945|9280|4451|4762|4147|708|748|7417|6843|9098|3237|734|2798|8598|4508|3705|7991|8145|1453|2715|5059|1447|4962|7316|1996|7916|1459|3975|810|2036|835|4210|9124|5468|7602|3706|1945|3564|4040|1456|5812|1481|9791|9600|8781|7107|2465|1305|2796|9343|8272|4812|305|2409|8959|8214|2401|7110|9264|5149|873|5100|523|9608
6485|1129|5481|5391|122|774|5703|5289|5487|3287|6820|6395|2098|4586|3810|6394|385|4085|2719|8883|3518|5482|668|4975|2435|9784|6172|9137|903|9660|425|5808|2242|3078|4945|9280|4451|4762|4147|708|748|7417|6843|9098|3237|734|2798|8598|4508|3705|7991|8145|1453|2715|5059|1447|4962|7316|1996|7916|1459|3975|810|2036|835|4210|9124|5468|7602|3706|1945|3564|4040|1456|5812|1481|9791|9600|8781|7107|2465|1305|2796|9343|8272|4812|305|2409|8959|8214|2401|7110|9264|5149|873|5100|523|9608|9001|5726
5481|5391|122|774|5703|5289|5487|3287|6820|6395|2098|4586|3810|6394|385|4085|2719|8883|3518|5482|668|4975|2435|9784|6172|9137|903|9660|425|5808|2242|3078|4945|9280|4451|4762|4147|708|748|7417|6843|9098|3237|734|2798|8598|4508|3705|7991|8145|1453|2715|5059|1447|4962|7316|1996|7916|1459|3975|810|2036|835|4210|9124|5468|7602|3706|1945|3564|4040|1456|5812|1481|9791|9600|8781|7107|2465|1305|2796|9343|8272|4812|305|2409|8959|8214|2401|7110|9264|5149|873|5100|523|9608|9001|5726|445|9401
122|774|5703|5289|5487|3287|6820|6395|2098|4586|3810|6394|385|4085|2719|8883|3518|5482|668|4975|2435|9784|6172|9137|903|9660|425|5808|2242|3078|4945|9280|4451|4762|4147|708|748|7417|6843|9098|3237|734|2798|8598|4508|3705|7991|8145|1453|2715|5059|1447|4962|7316|1996|7916|1459|3975|810|2036|835|4210|9124|5468|7602|3706|1945|3564|4040|1456|5812|1481|9791|9600|8781|7107|2465|1305|2796|9343|8272|4812|305|2409|8959|8214|2401|7110|9264|5149|873|5100|523|9608|9001|5726|445|9401|5861|5198
5703|5289|5487|3287|6820|6395|2098|4586|3810|6394|385|4085|2719|8883|3518|5482|668|4975|2435|9784|6172|9137|903|9660|425|5808|2242|3078|4945|9280|4451|4762|4147|708|748|7417|6843|9098|3237|734|2798|8598|4508|3705|7991|8145|1453|2715|5059|1447|4962|7316|1996|7916|1459|3975|810|2036|835|4210|9124|5468|7602|3706|1945|3564|4040|1456|5812|1481|9791|9600|8781|7107|2465|1305|2796|9343|8272|4812|305|2409|8959|8214|2401|7110|9264|5149|873|5100|523|9608|9001|5726|445|9401|5861|5198|3154|4124
5487|3287|6820|6395|2098|4586|3810|6394|385|4085|2719|8883|3518|5482|668|4975|2435|9784|6172|9137|903|9660|425|5808|2242|3078|4945|9280|4451|4762|4147|708|748|7417|6843|9098|3237|734|2798|8598|4508|3705|7991|8145|1453|2715|5059|1447|4962|7316|1996|7916|1459|3975|810|2036|835|4210|9124|5468|7602|3706|1945|3564|4040|1456|5812|1481|9791|9600|8781|7107|2465|1305|2796|9343|8272|4812|305|2409|8959|8214|2401|7110|9264|5149|873|5100|523|9608|9001|5726|445|9401|5861|5198|3154|4124|4938|4841
6820|6395|2098|4586|3810|6394|385|4085|2719|8883|3518|5482|668|4975|2435|9784|6172|9137|903|9660|425|5808|2242|3078|4945|9280|4451|4762|4147|708|748|7417|6843|9098|3237|734|2798|8598|4508|3705|7991|8145|1453|2715|5059|1447|4962|7316|1996|7916|1459|3975|810|2036|835|4210|9124|5468|7602|3706|1945|3564|4040|1456|5812|1481|9791|9600|8781|7107|2465|1305|2796|9343|8272|4812|305|2409|8959|8214|2401|7110|9264|5149|873|5100|523|9608|9001|5726|445|9401|5861|5198|3154|4124|4938|4841|6696|5757
2098|4586|3810|6394|385|4085|2719|8883|3518|5482|668|4975|2435|9784|6172|9137|903|9660|425|5808|2242|3078|4945|9280|4451|4762|4147|708|748|7417|6843|9098|3237|734|2798|8598|4508|3705|7991|8145|1453|2715|5059|1447|4962|7316|1996|7916|1459|3975|810|2036|835|4210|9124|5468|7602|3706|1945|3564|4040|1456|5812|1481|9791|9600|8781|7107|2465|1305|2796|9343|8272|4812|305|2409|8959|8214|2401|7110|9264|5149|873|5100|523|9608|9001|5726|445|9401|5861|5198|3154|4124|4938|4841|6696|5757|723|1934
3810|6394|385|4085|2719|8883|3518|5482|668|4975|2435|9784|6172|9137|903|9660|425|5808|2242|3078|4945|9280|4451|4762|4147|708|748|7417|6843|9098|3237|734|2798|8598|4508|3705|7991|8145|1453|2715|5059|1447|4962|7316|1996|7916|1459|3975|810|2036|835|4210|9124|5468|7602|3706|1945|3564|4040|1456|5812|1481|9791|9600|8781|7107|2465|1305|2796|9343|8272|4812|305|2409|8959|8214|2401|7110|9264|5149|873|5100|523|9608|9001|5726|445|9401|5861|5198|3154|4124|4938|4841|6696|5757|723|1934|15|7716
385|4085|2719|8883|3518|5482|668|4975|2435|9784|6172|9137|903|9660|425|5808|2242|3078|4945|9280|4451|4762|4147|708|748|7417|6843|9098|3237|734|2798|8598|4508|3705|7991|8145|1453|2715|5059|1447|4962|7316|1996|7916|1459|3975|810|2036|835|4210|9124|5468|7602|3706|1945|3564|4040|1456|5812|1481|9791|9600|8781|7107|2465|1305|2796|9343|8272|4812|305|2409|8959|8214|2401|7110|9264|5149|873|5100|523|9608|9001|5726|445|9401|5861|5198|3154|4124|4938|4841|6696|5757|723|1934|15|7716|5173|5826
2719|8883|3518|5482|668|4975|2435|9784|6172|9137|903|9660|425|5808|2242|3078|4945|9280|4451|4762|4147|708|748|7417|6843|9098|3237|734|2798|8598|4508|3705|7991|8145|1453|2715|5059|1447|4962|7316|1996|7916|1459|3975|810|2036|835|4210|9124|5468|7602|3706|1945|3564|4040|1456|5812|1481|9791|9600|8781|7107|2465|1305|2796|9343|8272|4812|305|2409|8959|8214|2401|7110|9264|5149|873|5100|523|9608|9001|5726|445|9401|5861|5198|3154|4124|4938|4841|6696|5757|723|1934|15|7716|5173|5826|9064|4483
3518|5482|668|4975|2435|9784|6172|9137|903|9660|425|5808|2242|3078|4945|9280|4451|4762|4147|708|748|7417|6843|9098|3237|734|2798|8598|4508|3705|7991|8145|1453|2715|5059|1447|4962|7316|1996|7916|1459|3975|810|2036|835|4210|9124|5468|7602|3706|1945|3564|4040|1456|5812|1481|9791|9600|8781|7107|2465|1305|2796|9343|8272|4812|305|2409|8959|8214|2401|7110|9264|5149|873|5100|523|9608|9001|5726|445|9401|5861|5198|3154|4124|4938|4841|6696|5757|723|1934|15|7716|5173|5826|9064|4483|8705|1333
668|4975|2435|9784|6172|9137|903|9660|425|5808|2242|3078|4945|9280|4451|4762|4147|708|748|7417|6843|9098|3237|734|2798|8598|4508|3705|7991|8145|1453|2715|5059|1447|4962|7316|1996|7916|1459|3975|810|2036|835|4210|9124|5468|7602|3706|1945|3564|4040|1456|5812|1481|9791|9600|8781|7107|2465|1305|2796|9343|8272|4812|305|2409|8959|8214|2401|7110|9264|5149|873|5100|523|9608|9001|5726|445|9401|5861|5198|3154|4124|4938|4841|6696|5757|723|1934|15|7716|5173|5826|9064|4483|8705|1333|6053|4035
2435|9784|6172|9137|903|9660|425|5808|2242|3078|4945|9280|4451|4762|4147|708|748|7417|6843|9098|3237|734|2798|8598|4508|3705|7991|8145|1453|2715|5059|1447|4962|7316|1996|7916|1459|3975|810|2036|835|4210|9124|5468|7602|3706|1945|3564|4040|1456|5812|1481|9791|9600|8781|7107|2465|1305|2796|9343|8272|4812|305|2409|8959|8214|2401|7110|9264|5149|873|5100|523|9608|9001|5726|445|9401|5861|5198|3154|4124|4938|4841|6696|5757|723|1934|15|7716|5173|5826|9064|4483|8705|1333|6053|4035|711|8238
6172|9137|903|9660|425|5808|2242|3078|4945|9280|4451|4762|4147|708|748|7417|6843|9098|3237|734|2798|8598|4508|3705|7991|8145|1453|2715|5059|1447|4962|7316|1996|7916|1459|3975|810|2036|835|4210|9124|5468|7602|3706|1945|3564|4040|1456|5812|1481|9791|9600|8781|7107|2465|1305|2796|9343|8272|4812|305|2409|8959|8214|2401|7110|9264|5149|873|5100|523|9608|9001|5726|445|9401|5861|5198|3154|4124|4938|4841|6696|5757|723|1934|15|7716|5173|5826|9064|4483|8705|1333|6053|4035|711|8238|7066|9777
903|9660|425|5808|2242|3078|4945|9280|4451|4762|4147|708|748|7417|6843|9098|3237|734|2798|8598|4508|3705|7991|8145|1453|2715|5059|1447|4962|7316|1996|7916|1459|3975|810|2036|835|4210|9124|5468|7602|3706|1945|3564|4040|1456|5812|1481|9791|9600|8781|7107|2465|1305|2796|9343|8272|4812|305|2409|8959|8214|2401|7110|9264|5149|873|5100|523|9608|9001|5726|445|9401|5861|5198|3154|4124|4938|4841|6696|5757|723|1934|15|7716|5173|5826|9064|4483|8705|1333|6053|4035|711|8238|7066|9777|9934|2031
425|5808|2242|3078|4945|9280|4451|4762|4147|708|748|7417|6843|9098|3237|734|2798|8598|4508|3705|7991|8145|1453|2715|5059|1447|4962|7316|1996|7916|1459|3975|810|2036|835|4210|9124|5468|7602|3706|1945|3564|4040|1456|5812|1481|9791|9600|8781|7107|2465|1305|2796|9343|8272|4812|305|2409|8959|8214|2401|7110|9264|5149|873|5100|523|9608|9001|5726|445|9401|5861|5198|3154|4124|4938|4841|6696|5757|723|1934|15|7716|5173|5826|9064|4483|8705|1333|6053|4035|711|8238|7066|9777|9934|2031|5809|4878
2242|3078|4945|9280|4451|4762|4147|708|748|7417|6843|9098|3237|734|2798|8598|4508|3705|7991|8145|1453|2715|5059|1447|4962|7316|1996|7916|1459|3975|810|2036|835|4210|9124|5468|7602|3706|1945|3564|4040|1456|5812|1481|9791|9600|8781|7107|2465|1305|2796|9343|8272|4812|305|2409|8959|8214|2401|7110|9264|5149|873|5100|523|9608|9001|5726|445|9401|5861|5198|3154|4124|4938|4841|6696|5757|723|1934|15|7716|5173|5826|9064|4483|8705|1333|6053|4035|711|8238|7066|9777|9934|2031|5809|4878|6117|6843
4945|9280|4451|4762|4147|708|748|7417|6843|9098|3237|734|2798|8598|4508|3705|7991|8145|1453|2715|5059|1447|4962|7316|1996|7916|1459|3975|810|2036|835|4210|9124|5468|7602|3706|1945|3564|4040|1456|5812|1481|9791|9600|8781|7107|2465|1305|2796|9343|8272|4812|305|2409|8959|8214|2401|7110|9264|5149|873|5100|523|9608|9001|5726|445|9401|5861|5198|3154|4124|4938|4841|6696|5757|723|1934|15|7716|5173|5826|9064|4483|8705|1333|6053|4035|711|8238|7066|9777|9934|2031|5809|4878|6117|6843|3945|1225
4451|4762|4147|708|748|7417|6843|9098|3237|734|2798|8598|4508|3705|7991|8145|1453|2715|5059|1447|4962|7316|1996|7916|1459|3975|810|2036|835|4210|9124|5468|7602|3706|1945|3564|4040|1456|5812|1481|9791|9600|8781|7107|2465|1305|2796|9343|8272|4812|305|2409|8959|8214|2401|7110|9264|5149|873|5100|523|9608|9001|5726|445|9401|5861|5198|3154|4124|4938|4841|6696|5757|723|1934|15|7716|5173|5826|9064|4483|8705|1333|6053|4035|711|8238|7066|9777|9934|2031|5809|4878|6117|6843|3945|1225|5182|537
4147|708|748|7417|6843|9098|3237|734|2798|8598|4508|3705|7991|8145|1453|2715|5059|1447|4962|7316|1996|7916|1459|3975|810|2036|835|4210|9124|5468|7602|3706|1945|3564|4040|1456|5812|1481|9791|9600|8781|7107|2465|1305|2796|9343|8272|4812|305|2409|8959|8214|2401|7110|9264|5149|873|5100|523|9608|9001|5726|445|9401|5861|5198|3154|4124|4938|4841|6696|5757|723|1934|15|7716|5173|5826|9064|4483|8705|1333|6053|4035|711|8238|7066|9777|9934|2031|5809|4878|6117|6843|3945|1225|5182|537|5414|953
748|7417|6843|9098|3237|734|2798|8598|4508|3705|7991|8145|1453|2715|5059|1447|4962|7316|1996|7916|1459|3975|810|2036|835|4210|9124|5468|7602|3706|1945|3564|4040|1456|5812|1481|9791|9600|8781|7107|2465|1305|2796|9343|8272|4812|305|2409|8959|8214|2401|7110|9264|5149|873|5100|523|9608|9001|5726|445|9401|5861|5198|3154|4124|4938|4841|6696|5757|723|1934|15|7716|5173|5826|9064|4483|8705|1333|6053|4035|711|8238|7066|9777|9934|2031|5809|4878|6117|6843|3945|1225|5182|537|5414|953|168|1787
6843|9098|3237|734|2798|8598|4508|3705|7991|8145|1453|2715|5059|1447|4962|7316|1996|7916|1459|3975|810|2036|835|4210|9124|5468|7602|3706|1945|3564|4040|1456|5812|1481|9791|9600|8781|7107|2465|1305|2796|9343|8272|4812|305|2409|8959|8214|2401|7110|9264|5149|873|5100|523|9608|9001|5726|445|9401|5861|5198|3154|4124|4938|4841|6696|5757|723|1934|15|7716|5173|5826|9064|4483|8705|1333|6053|4035|711|8238|7066|9777|9934|2031|5809|4878|6117|6843|3945|1225|5182|537|5414|953|168|1787|2288|7456
3237|734|2798|8598|4508|3705|7991|8145|1453|2715|5059|1447|4962|7316|1996|7916|1459|3975|810|2036|835|4210|9124|5468|7602|3706|1945|3564|4040|1456|5812|1481|9791|9600|8781|7107|2465|1305|2796|9343|8272|4812|305|2409|8959|8214|2401|7110|9264|5149|873|5100|523|9608|9001|5726|445|9401|5861|5198|3154|4124|4938|4841|6696|5757|723|1934|15|7716|5173|5826|9064|4483|8705|1333|6053|4035|711|8238|7066|9777|9934|2031|5809|4878|6117|6843|3945|1225|5182|537|5414|953|168|1787|2288|7456|2555|7874
2798|8598|4508|3705|7991|8145|1453|2715|5059|1447|4962|7316|1996|7916|1459|3975|810|2036|835|4210|9124|5468|7602|3706|1945|3564|4040|1456|5812|1481|9791|9600|8781|7107|2465|1305|2796|9343|8272|4812|305|2409|8959|8214|2401|7110|9264|5149|873|5100|523|9608|9001|5726|445|9401|5861|5198|3154|4124|4938|4841|6696|5757|723|1934|15|7716|5173|5826|9064|4483|8705|1333|6053|4035|711|8238|7066|9777|9934|2031|5809|4878|6117|6843|3945|1225|5182|537|5414|953|168|1787|2288|7456|2555|7874|7816|3525
4508|3705|7991|8145|1453|2715|5059|1447|4962|7316|1996|7916|1459|3975|810|2036|835|4210|9124|5468|7602|3706|1945|3564|4040|1456|5812|1481|9791|9600|8781|7107|2465|1305|2796|9343|8272|4812|305|2409|8959|8214|2401|7110|9264|5149|873|5100|523|9608|9001|5726|445|9401|5861|5198|3154|4124|4938|4841|6696|5757|723|1934|15|7716|5173|5826|9064|4483|8705|1333|6053|4035|711|8238|7066|9777|9934|2031|5809|4878|6117|6843|3945|1225|5182|537|5414|953|168|1787|2288|7456|2555|7874|7816|3525|3241|8041
7991|8145|1453|2715|5059|1447|4962|7316|1996|7916|1459|3975|810|2036|835|4210|9124|5468|7602|3706|1945|3564|4040|1456|5812|1481|9791|9600|8781|7107|2465|1305|2796|9343|8272|4812|305|2409|8959|8214|2401|7110|9264|5149|873|5100|523|9608|9001|5726|445|9401|5861|5198|3154|4124|4938|4841|6696|5757|723|1934|15|7716|5173|5826|9064|4483|8705|1333|6053|4035|711|8238|7066|9777|9934|2031|5809|4878|6117|6843|3945|1225|5182|537|5414|953|168|1787|2288|7456|2555|7874|7816|3525|3241|8041|4440|297
1453|2715|5059|1447|4962|7316|1996|7916|1459|3975|810|2036|835|4210|9124|5468|7602|3706|1945|3564|4040|1456|5812|1481|9791|9600|8781|7107|2465|1305|2796|9343|8272|4812|305|2409|8959|8214|2401|7110|9264|5149|873|5100|523|9608|9001|5726|445|9401|5861|5198|3154|4124|4938|4841|6696|5757|723|1934|15|7716|5173|5826|9064|4483|8705|1333|6053|4035|711|8238|7066|9777|9934|2031|5809|4878|6117|6843|3945|1225|5182|537|5414|953|168|1787|2288|7456|2555|7874|7816|3525|3241|8041|4440|297|9679|9487
5059|1447|4962|7316|1996|7916|1459|3975|810|2036|835|4210|9124|5468|7602|3706|1945|3564|4040|1456|5812|1481|9791|9600|8781|7107|2465|1305|2796|9343|8272|4812|305|2409|8959|8214|2401|7110|9264|5149|873|5100|523|9608|9001|5726|445|9401|5861|5198|3154|4124|4938|4841|6696|5757|723|1934|15|7716|5173|5826|9064|4483|8705|1333|6053|4035|711|8238|7066|9777|9934|2031|5809|4878|6117|6843|3945|1225|5182|537|5414|953|168|1787|2288|7456|2555|7874|7816|3525|3241|8041|4440|297|9679|9487|9015|1442
4962|7316|1996|7916|1459|3975|810|2036|835|4210|9124|5468|7602|3706|1945|3564|4040|1456|5812|1481|9791|9600|8781|7107|2465|1305|2796|9343|8272|4812|305|2409|8959|8214|2401|7110|9264|5149|873|5100|523|9608|9001|5726|445|9401|5861|5198|3154|4124|4938|4841|6696|5757|723|1934|15|7716|5173|5826|9064|4483|8705|1333|6053|4035|711|8238|7066|9777|9934|2031|5809|4878|6117|6843|3945|1225|5182|537|5414|953|168|1787|2288|7456|2555|7874|7816|3525|3241|8041|4440|297|9679|9487|9015|1442|5810|4521
1996|7916|1459|3975|810|2036|835|4210|9124|5468|7602|3706|1945|3564|4040|1456|5812|1481|9791|9600|8781|7107|2465|1305|2796|9343|8272|4812|305|2409|8959|8214|2401|7110|9264|5149|873|5100|523|9608|9001|5726|445|9401|5861|5198|3154|4124|4938|4841|6696|5757|723|1934|15|7716|5173|5826|9064|4483|8705|1333|6053|4035|711|8238|7066|9777|9934|2031|5809|4878|6117|6843|3945|1225|5182|537|5414|953|168|1787|2288|7456|2555|7874|7816|3525|3241|8041|4440|297|9679|9487|9015|1442|5810|4521|1079|2759
1459|3975|810|2036|835|4210|9124|5468|7602|3706|1945|3564|4040|1456|5812|1481|9791|9600|8781|7107|2465|1305|2796|9343|8272|4812|305|2409|8959|8214|2401|7110|9264|5149|873|5100|523|9608|9001|5726|445|9401|5861|5198|3154|4124|4938|4841|6696|5757|723|1934|15|7716|5173|5826|9064|4483|8705|1333|6053|4035|711|8238|7066|9777|9934|2031|5809|4878|6117|6843|3945|1225|5182|537|5414|953|168|1787|2288|7456|2555|7874|7816|3525|3241|8041|4440|297|9679|9487|9015|1442|5810|4521|1079|2759|9003|3423
810|2036|835|4210|9124|5468|7602|3706|1945|3564|4040|1456|5812|1481|9791|9600|8781|7107|2465|1305|2796|9343|8272|4812|305|2409|8959|8214|2401|7110|9264|5149|873|5100|523|9608|9001|5726|445|9401|5861|5198|3154|4124|4938|4841|6696|5757|723|1934|15|7716|5173|5826|9064|4483|8705|1333|6053|4035|711|8238|7066|9777|9934|2031|5809|4878|6117|6843|3945|1225|5182|537|5414|953|168|1787|2288|7456|2555|7874|7816|3525|3241|8041|4440|297|9679|9487|9015|1442|5810|4521|1079|2759|9003|3423|3512|7897
835|4210|9124|5468|7602|3706|1945|3564|4040|1456|5812|1481|9791|9600|8781|7107|2465|1305|2796|9343|8272|4812|305|2409|8959|8214|2401|7110|9264|5149|873|5100|523|9608|9001|5726|445|9401|5861|5198|3154|4124|4938|4841|6696|5757|723|1934|15|7716|5173|5826|9064|4483|8705|1333|6053|4035|711|8238|7066|9777|9934|2031|5809|4878|6117|6843|3945|1225|5182|537|5414|953|168|1787|2288|7456|2555|7874|7816|3525|3241|8041|4440|297|9679|9487|9015|1442|5810|4521|1079|2759|9003|3423|3512|7897|4834|745
9124|5468|7602|3706|1945|3564|4040|1456|5812|1481|9791|9600|8781|7107|2465|1305|2796|9343|8272|4812|305|2409|8959|8214|2401|7110|9264|5149|873|5100|523|9608|9001|5726|445|9401|5861|5198|3154|4124|4938|4841|6696|5757|723|1934|15|7716|5173|5826|9064|4483|8705|1333|6053|4035|711|8238|7066|9777|9934|2031|5809|4878|6117|6843|3945|1225|5182|537|5414|953|168|1787|2288|7456|2555|7874|7816|3525|3241|8041|4440|297|9679|9487|9015|1442|5810|4521|1079|2759|9003|3423|3512|7897|4834|745|7592|3733
7602|3706|1945|3564|4040|1456|5812|1481|9791|9600|8781|7107|2465|1305|2796|9343|8272|4812|305|2409|8959|8214|2401|7110|9264|5149|873|5100|523|9608|9001|5726|445|9401|5861|5198|3154|4124|4938|4841|6696|5757|723|1934|15|7716|5173|5826|9064|4483|8705|1333|6053|4035|711|8238|7066|9777|9934|2031|5809|4878|6117|6843|3945|1225|5182|537|5414|953|168|1787|2288|7456|2555|7874|7816|3525|3241|8041|4440|297|9679|9487|9015|1442|5810|4521|1079|2759|9003|3423|3512|7897|4834|745|7592|3733|5618|8149
1945|3564|4040|1456|5812|1481|9791|9600|8781|7107|2465|1305|2796|9343|8272|4812|305|2409|8959|8214|2401|7110|9264|5149|873|5100|523|9608|9001|5726|445|9401|5861|5198|3154|4124|4938|4841|6696|5757|723|1934|15|7716|5173|5826|9064|4483|8705|1333|6053|4035|711|8238|7066|9777|9934|2031|5809|4878|6117|6843|3945|1225|5182|537|5414|953|168|1787|2288|7456|2555|7874|7816|3525|3241|8041|4440|297|9679|9487|9015|1442|5810|4521|1079|2759|9003|3423|3512|7897|4834|745|7592|3733|5618|8149|5955|6494
4040|1456|5812|1481|9791|9600|8781|7107|2465|1305|2796|9343|8272|4812|305|2409|8959|8214|2401|7110|9264|5149|873|5100|523|9608|9001|5726|445|9401|5861|5198|3154|4124|4938|4841|6696|5757|723|1934|15|7716|5173|5826|9064|4483|8705|1333|6053|4035|711|8238|7066|9777|9934|2031|5809|4878|6117|6843|3945|1225|5182|537|5414|953|168|1787|2288|7456|2555|7874|7816|3525|3241|8041|4440|297|9679|9487|9015|1442|5810|4521|1079|2759|9003|3423|3512|7897|4834|745|7592|3733|5618|8149|5955|6494|5399|529
5812|1481|9791|9600|8781|7107|2465|1305|2796|9343|8272|4812|305|2409|8959|8214|2401|7110|9264|5149|873|5100|523|9608|9001|5726|445|9401|5861|5198|3154|4124|4938|4841|6696|5757|723|1934|15|7716|5173|5826|9064|4483|8705|1333|6053|4035|711|8238|7066|9777|9934|2031|5809|4878|6117|6843|3945|1225|5182|537|5414|953|168|1787|2288|7456|2555|7874|7816|3525|3241|8041|4440|297|9679|9487|9015|1442|5810|4521|1079|2759|9003|3423|3512|7897|4834|745|7592|3733|5618|8149|5955|6494|5399|529|3442|456
9791|9600|8781|7107|2465|1305|2796|9343|8272|4812|305|2409|8959|8214|2401|7110|9264|5149|873|5100|523|9608|9001|5726|445|9401|5861|5198|3154|4124|4938|4841|6696|5757|723|1934|15|7716|5173|5826|9064|4483|8705|1333|6053|4035|711|8238|7066|9777|9934|2031|5809|4878|6117|6843|3945|1225|5182|537|5414|953|168|1787|2288|7456|2555|7874|7816|3525|3241|8041|4440|297|9679|9487|9015|1442|5810|4521|1079|2759|9003|3423|3512|7897|4834|745|7592|3733|5618|8149|5955|6494|5399|529|3442|456|671|7639
8781|7107|2465|1305|2796|9343|8272|4812|305|2409|8959|8214|2401|7110|9264|5149|873|5100|523|9608|9001|5726|445|9401|5861|5198|3154|4124|4938|4841|6696|5757|723|1934|15|7716|5173|5826|9064|4483|8705|1333|6053|4035|711|8238|7066|9777|9934|2031|5809|4878|6117|6843|3945|1225|5182|537|5414|953|168|1787|2288|7456|2555|7874|7816|3525|3241|8041|4440|297|9679|9487|9015|1442|5810|4521|1079|2759|9003|3423|3512|7897|4834|745|7592|3733|5618|8149|5955|6494|5399|529|3442|456|671|7639|907|3969
2465|1305|2796|9343|8272|4812|305|2409|8959|8214|2401|7110|9264|5149|873|5100|523|9608|9001|5726|445|9401|5861|5198|3154|4124|4938|4841|6696|5757|723|1934|15|7716|5173|5826|9064|4483|8705|1333|6053|4035|711|8238|7066|9777|9934|2031|5809|4878|6117|6843|3945|1225|5182|537|5414|953|168|1787|2288|7456|2555|7874|7816|3525|3241|8041|4440|297|9679|9487|9015|1442|5810|4521|1079|2759|9003|3423|3512|7897|4834|745|7592|3733|5618|8149|5955|6494|5399|529|3442|456|671|7639|907|3969|4344|86
2796|9343|8272|4812|305|2409|8959|8214|2401|7110|9264|5149|873|5100|523|9608|9001|5726|445|9401|5861|5198|3154|4124|4938|4841|6696|5757|723|1934|15|7716|5173|5826|9064|4483|8705|1333|6053|4035|711|8238|7066|9777|9934|2031|5809|4878|6117|6843|3945|1225|5182|537|5414|953|168|1787|2288|7456|2555|7874|7816|3525|3241|8041|4440|297|9679|9487|9015|1442|5810|4521|1079|2759|9003|3423|3512|7897|4834|745|7592|3733|5618|8149|5955|6494|5399|529|3442|456|671|7639|907|3969|4344|86|5060|2790
8272|4812|305|2409|8959|8214|2401|7110|9264|5149|873|5100|523|9608|9001|5726|445|9401|5861|5198|3154|4124|4938|4841|6696|5757|723|1934|15|7716|5173|5826|9064|4483|8705|1333|6053|4035|711|8238|7066|9777|9934|2031|5809|4878|6117|6843|3945|1225|5182|537|5414|953|168|1787|2288|7456|2555|7874|7816|3525|3241|8041|4440|297|9679|9487|9015|1442|5810|4521|1079|2759|9003|3423|3512|7897|4834|745|7592|3733|5618|8149|5955|6494|5399|529|3442|456|671|7639|907|3969|4344|86|5060|2790|5570|3847
305|2409|8959|8214|2401|7110|9264|5149|873|5100|523|9608|9001|5726|445|9401|5861|5198|3154|4124|4938|4841|6696|5757|723|1934|15|7716|5173|5826|9064|4483|8705|1333|6053|4035|711|8238|7066|9777|9934|2031|5809|4878|6117|6843|3945|1225|5182|537|5414|953|168|1787|2288|7456|2555|7874|7816|3525|3241|8041|4440|297|9679|9487|9015|1442|5810|4521|1079|2759|9003|3423|3512|7897|4834|745|7592|3733|5618|8149|5955|6494|5399|529|3442|456|671|7639|907|3969|4344|86|5060|2790|5570|3847|5649|3963
8959|8214|2401|7110|9264|5149|873|5100|523|9608|9001|5726|445|9401|5861|5198|3154|4124|4938|4841|6696|5757|723|1934|15|7716|5173|5826|9064|4483|8705|1333|6053|4035|711|8238|7066|9777|9934|2031|5809|4878|6117|6843|3945|1225|5182|537|5414|953|168|1787|2288|7456|2555|7874|7816|3525|3241|8041|4440|297|9679|9487|9015|1442|5810|4521|1079|2759|9003|3423|3512|7897|4834|745|7592|3733|5618|8149|5955|6494|5399|529|3442|456|671|7639|907|3969|4344|86|5060|2790|5570|3847|5649|3963|1521|5173
2401|7110|9264|5149|873|5100|523|9608|9001|5726|445|9401|5861|5198|3154|4124|4938|4841|6696|5757|723|1934|15|7716|5173|5826|9064|4483|8705|1333|6053|4035|711|8238|7066|9777|9934|2031|5809|4878|6117|6843|3945|1225|5182|537|5414|953|168|1787|2288|7456|2555|7874|7816|3525|3241|8041|4440|297|9679|9487|9015|1442|5810|4521|1079|2759|9003|3423|3512|7897|4834|745|7592|3733|5618|8149|5955|6494|5399|529|3442|456|671|7639|907|3969|4344|86|5060|2790|5570|3847|5649|3963|1521|5173|440|8588
9264|5149|873|5100|523|9608|9001|5726|445|9401|5861|5198|3154|4124|4938|4841|6696|5757|723|1934|15|7716|5173|5826|9064|4483|8705|1333|6053|4035|711|8238|7066|9777|9934|2031|5809|4878|6117|6843|3945|1225|5182|537|5414|953|168|1787|2288|7456|2555|7874|7816|3525|3241|8041|4440|297|9679|9487|9015|1442|5810|4521|1079|2759|9003|3423|3512|7897|4834|745|7592|3733|5618|8149|5955|6494|5399|529|3442|456|671|7639|907|3969|4344|86|5060|2790|5570|3847|5649|3963|1521|5173|440|8588|9604|3003
873|5100|523|9608|9001|5726|445|9401|5861|5198|3154|4124|4938|4841|6696|5757|723|1934|15|7716|5173|5826|9064|4483|8705|1333|6053|4035|711|8238|7066|9777|9934|2031|5809|4878|6117|6843|3945|1225|5182|537|5414|953|168|1787|2288|7456|2555|7874|7816|3525|3241|8041|4440|297|9679|9487|9015|1442|5810|4521|1079|2759|9003|3423|3512|7897|4834|745|7592|3733|5618|8149|5955|6494|5399|529|3442|456|671|7639|907|3969|4344|86|5060|2790|5570|3847|5649|3963|1521|5173|440|8588|9604|3003|6982|7475
523|9608|9001|5726|445|9401|5861|5198|3154|4124|4938|4841|6696|5757|723|1934|15|7716|5173|5826|9064|4483|8705|1333|6053|4035|711|8238|7066|9777|9934|2031|5809|4878|6117|6843|3945|1225|5182|537|5414|953|168|1787|2288|7456|2555|7874|7816|3525|3241|8041|4440|297|9679|9487|9015|1442|5810|4521|1079|2759|9003|3423|3512|7897|4834|745|7592|3733|5618|8149|5955|6494|5399|529|3442|456|671|7639|907|3969|4344|86|5060|2790|5570|3847|5649|3963|1521|5173|440|8588|9604|3003|6982|7475|2454|7788
9001|5726|445|9401|5861|5198|3154|4124|4938|4841|6696|5757|723|1934|15|7716|5173|5826|9064|4483|8705|1333|6053|4035|711|8238|7066|9777|9934|2031|5809|4878|6117|6843|3945|1225|5182|537|5414|953|168|1787|2288|7456|2555|7874|7816|3525|3241|8041|4440|297|9679|9487|9015|1442|5810|4521|1079|2759|9003|3423|3512|7897|4834|745|7592|3733|5618|8149|5955|6494|5399|529|3442|456|671|7639|907|3969|4344|86|5060|2790|5570|3847|5649|3963|1521|5173|440|8588|9604|3003|6982|7475|2454|7788|3321|637
445|9401|5861|5198|3154|4124|4938|4841|6696|5757|723|1934|15|7716|5173|5826|9064|4483|8705|1333|6053|4035|711|8238|7066|9777|9934|2031|5809|4878|6117|6843|3945|1225|5182|537|5414|953|168|1787|2288|7456|2555|7874|7816|3525|3241|8041|4440|297|9679|9487|9015|1442|5810|4521|1079|2759|9003|3423|3512|7897|4834|745|7592|3733|5618|8149|5955|6494|5399|529|3442|456|671|7639|907|3969|4344|86|5060|2790|5570|3847|5649|3963|1521|5173|440|8588|9604|3003|6982|7475|2454|7788|3321|637|7001|4840
5861|5198|3154|4124|4938|4841|6696|5757|723|1934|15|7716|5173|5826|9064|4483|8705|1333|6053|4035|711|8238|7066|9777|9934|2031|5809|4878|6117|6843|3945|1225|5182|537|5414|953|168|1787|2288|7456|2555|7874|7816|3525|3241|8041|4440|297|9679|9487|9015|1442|5810|4521|1079|2759|9003|3423|3512|7897|4834|745|7592|3733|5618|8149|5955|6494|5399|529|3442|456|671|7639|907|3969|4344|86|5060|2790|5570|3847|5649|3963|1521|5173|440|8588|9604|3003|6982|7475|2454|7788|3321|637|7001|4840|3990|9197
3154|4124|4938|4841|6696|5757|723|1934|15|7716|5173|5826|9064|4483|8705|1333|6053|4035|711|8238|7066|9777|9934|2031|5809|4878|6117|6843|3945|1225|5182|537|5414|953|168|1787|2288|7456|2555|7874|7816|3525|3241|8041|4440|297|9679|9487|9015|1442|5810|4521|1079|2759|9003|3423|3512|7897|4834|745|7592|3733|5618|8149|5955|6494|5399|529|3442|456|671|7639|907|3969|4344|86|5060|2790|5570|3847|5649|3963|1521|5173|440|8588|9604|3003|6982|7475|2454|7788|3321|637|7001|4840|3990|9197|5288|7050
4938|4841|6696|5757|723|1934|15|7716|5173|5826|9064|4483|8705|1333|6053|4035|711|8238|7066|9777|9934|2031|5809|4878|6117|6843|3945|1225|5182|537|5414|953|168|1787|2288|7456|2555|7874|7816|3525|3241|8041|4440|297|9679|9487|9015|1442|5810|4521|1079|2759|9003|3423|3512|7897|4834|745|7592|3733|5618|8149|5955|6494|5399|529|3442|456|671|7639|907|3969|4344|86|5060|2790|5570|3847|5649|3963|1521|5173|440|8588|9604|3003|6982|7475|2454|7788|3321|637|7001|4840|3990|9197|5288|7050|8545|2810
6696|5757|723|1934|15|7716|5173|5826|9064|4483|8705|1333|6053|4035|711|8238|7066|9777|9934|2031|5809|4878|6117|6843|3945|1225|5182|537|5414|953|168|1787|2288|7456|2555|7874|7816|3525|3241|8041|4440|297|9679|9487|9015|1442|5810|4521|1079|2759|9003|3423|3512|7897|4834|745|7592|3733|5618|8149|5955|6494|5399|529|3442|456|671|7639|907|3969|4344|86|5060|2790|5570|3847|5649|3963|1521|5173|440|8588|9604|3003|6982|7475|2454|7788|3321|637|7001|4840|3990|9197|5288|7050|8545|2810|6825|3418
723|1934|15|7716|5173|5826|9064|4483|8705|1333|6053|4035|711|8238|7066|9777|9934|2031|5809|4878|6117|6843|3945|1225|5182|537|5414|953|168|1787|2288|7456|2555|7874|7816|3525|3241|8041|4440|297|9679|9487|9015|1442|5810|4521|1079|2759|9003|3423|3512|7897|4834|745|7592|3733|5618|8149|5955|6494|5399|529|3442|456|671|7639|907|3969|4344|86|5060|2790|5570|3847|5649|3963|1521|5173|440|8588|9604|3003|6982|7475|2454|7788|3321|637|7001|4840|3990|9197|5288|7050|8545|2810|6825|3418|3468|6733
15|7716|5173|5826|9064|4483|8705|1333|6053|4035|711|8238|7066|9777|9934|2031|5809|4878|6117|6843|3945|1225|5182|537|5414|953|168|1787|2288|7456|2555|7874|7816|3525|3241|8041|4440|297|9679|9487|9015|1442|5810|4521|1079|2759|9003|3423|3512|7897|4834|745|7592|3733|5618|8149|5955|6494|5399|529|3442|456|671|7639|907|3969|4344|86|5060|2790|5570|3847|5649|3963|1521|5173|440|8588|9604|3003|6982|7475|2454|7788|3321|637|7001|4840|3990|9197|5288|7050|8545|2810|6825|3418|3468|6733|6225|7959
5173|5826|9064|4483|8705|1333|6053|4035|711|8238|7066|9777|9934|2031|5809|4878|6117|6843|3945|1225|5182|537|5414|953|168|1787|2288|7456|2555|7874|7816|3525|3241|8041|4440|297|9679|9487|9015|1442|5810|4521|1079|2759|9003|3423|3512|7897|4834|745|7592|3733|5618|8149|5955|6494|5399|529|3442|456|671|7639|907|3969|4344|86|5060|2790|5570|3847|5649|3963|1521|5173|440|8588|9604|3003|6982|7475|2454|7788|3321|637|7001|4840|3990|9197|5288|7050|8545|2810|6825|3418|3468|6733|6225|7959|1187|8640
9064|4483|8705|1333|6053|4035|711|8238|7066|9777|9934|2031|5809|4878|6117|6843|3945|1225|5182|537|5414|953|168|1787|2288|7456|2555|7874|7816|3525|3241|8041|4440|297|9679|9487|9015|1442|5810|4521|1079|2759|9003|3423|3512|7897|4834|745|7592|3733|5618|8149|5955|6494|5399|529|3442|456|671|7639|907|3969|4344|86|5060|2790|5570|3847|5649|3963|1521|5173|440|8588|9604|3003|6982|7475|2454|7788|3321|637|7001|4840|3990|9197|5288|7050|8545|2810|6825|3418|3468|6733|6225|7959|1187|8640|6882|3353
8705|1333|6053|4035|711|8238|7066|9777|9934|2031|5809|4878|6117|6843|3945|1225|5182|537|5414|953|168|1787|2288|7456|2555|7874|7816|3525|3241|8041|4440|297|9679|9487|9015|1442|5810|4521|1079|2759|9003|3423|3512|7897|4834|745|7592|3733|5618|8149|5955|6494|5399|529|3442|456|671|7639|907|3969|4344|86|5060|2790|5570|3847|5649|3963|1521|5173|440|8588|9604|3003|6982|7475|2454|7788|3321|637|7001|4840|3990|9197|5288|7050|8545|2810|6825|3418|3468|6733|6225|7959|1187|8640|6882|3353|9780|9462
6053|4035|711|8238|7066|9777|9934|2031|5809|4878|6117|6843|3945|1225|5182|537|5414|953|168|1787|2288|7456|2555|7874|7816|3525|3241|8041|4440|297|9679|9487|9015|1442|5810|4521|1079|2759|9003|3423|3512|7897|4834|745|7592|3733|5618|8149|5955|6494|5399|529|3442|456|671|7639|907|3969|4344|86|5060|2790|5570|3847|5649|3963|1521|5173|440|8588|9604|3003|6982|7475|2454|7788|3321|637|7001|4840|3990|9197|5288|7050|8545|2810|6825|3418|3468|6733|6225|7959|1187|8640|6882|3353|9780|9462|1258|9271
711|8238|7066|9777|9934|2031|5809|4878|6117|6843|3945|1225|5182|537|5414|953|168|1787|2288|7456|2555|7874|7816|3525|3241|8041|4440|297|9679|9487|9015|1442|5810|4521|1079|2759|9003|3423|3512|7897|4834|745|7592|3733|5618|8149|5955|6494|5399|529|3442|456|671|7639|907|3969|4344|86|5060|2790|5570|3847|5649|3963|1521|5173|440|8588|9604|3003|6982|7475|2454|7788|3321|637|7001|4840|3990|9197|5288|7050|8545|2810|6825|3418|3468|6733|6225|7959|1187|8640|6882|3353|9780|9462|1258|9271|4583|8368
7066|9777|9934|2031|5809|4878|6117|6843|3945|1225|5182|537|5414|953|168|1787|2288|7456|2555|7874|7816|3525|3241|8041|4440|297|9679|9487|9015|1442|5810|4521|1079|2759|9003|3423|3512|7897|4834|745|7592|3733|5618|8149|5955|6494|5399|529|3442|456|671|7639|907|3969|4344|86|5060|2790|5570|3847|5649|3963|1521|5173|440|8588|9604|3003|6982|7475|2454|7788|3321|637|7001|4840|3990|9197|5288|7050|8545|2810|6825|3418|3468|6733|6225|7959|1187|8640|6882|3353|9780|9462|1258|9271|4583|8368|2711|3875
9934|2031|5809|4878|6117|6843|3945|1225|5182|537|5414|953|168|1787|2288|7456|2555|7874|7816|3525|3241|8041|4440|297|9679|9487|9015|1442|5810|4521|1079|2759|9003|3423|3512|7897|4834|745|7592|3733|5618|8149|5955|6494|5399|529|3442|456|671|7639|907|3969|4344|86|5060|2790|5570|3847|5649|3963|1521|5173|440|8588|9604|3003|6982|7475|2454|7788|3321|637|7001|4840|3990|9197|5288|7050|8545|2810|6825|3418|3468|6733|6225|7959|1187|8640|6882|3353|9780|9462|1258|9271|4583|8368|2711|3875|4448|7770
5809|4878|6117|6843|3945|1225|5182|537|5414|953|168|1787|2288|7456|2555|7874|7816|3525|3241|8041|4440|297|9679|9487|9015|1442|5810|4521|1079|2759|9003|3423|3512|7897|4834|745|7592|3733|5618|8149|5955|6494|5399|529|3442|456|671|7639|907|3969|4344|86|5060|2790|5570|3847|5649|3963|1521|5173|440|8588|9604|3003|6982|7475|2454|7788|3321|637|7001|4840|3990|9197|5288|7050|8545|2810|6825|3418|3468|6733|6225|7959|1187|8640|6882|3353|9780|9462|1258|9271|4583|8368|2711|3875|4448|7770|5382|3748
6117|6843|3945|1225|5182|537|5414|953|168|1787|2288|7456|2555|7874|7816|3525|3241|8041|4440|297|9679|9487|9015|1442|5810|4521|1079|2759|9003|3423|3512|7897|4834|745|7592|3733|5618|8149|5955|6494|5399|529|3442|456|671|7639|907|3969|4344|86|5060|2790|5570|3847|5649|3963|1521|5173|440|8588|9604|3003|6982|7475|2454|7788|3321|637|7001|4840|3990|9197|5288|7050|8545|2810|6825|3418|3468|6733|6225|7959|1187|8640|6882|3353|9780|9462|1258|9271|4583|8368|2711|3875|4448|7770|5382|3748|553|4888
3945|1225|5182|537|5414|953|168|1787|2288|7456|2555|7874|7816|3525|3241|8041|4440|297|9679|9487|9015|1442|5810|4521|1079|2759|9003|3423|3512|7897|4834|745|7592|3733|5618|8149|5955|6494|5399|529|3442|456|671|7639|907|3969|4344|86|5060|2790|5570|3847|5649|3963|1521|5173|440|8588|9604|3003|6982|7475|2454|7788|3321|637|7001|4840|3990|9197|5288|7050|8545|2810|6825|3418|3468|6733|6225|7959|1187|8640|6882|3353|9780|9462|1258|9271|4583|8368|2711|3875|4448|7770|5382|3748|553|4888|3170|6537
5182|537|5414|953|168|1787|2288|7456|2555|7874|7816|3525|3241|8041|4440|297|9679|9487|9015|1442|5810|4521|1079|2759|9003|3423|3512|7897|4834|745|7592|3733|5618|8149|5955|6494|5399|529|3442|456|671|7639|907|3969|4344|86|5060|2790|5570|3847|5649|3963|1521|5173|440|8588|9604|3003|6982|7475|2454|7788|3321|637|7001|4840|3990|9197|5288|7050|8545|2810|6825|3418|3468|6733|6225|7959|1187|8640|6882|3353|9780|9462|1258|9271|4583|8368|2711|3875|4448|7770|5382|3748|553|4888|3170|6537|395|2106
5414|953|168|1787|2288|7456|2555|7874|7816|3525|3241|8041|4440|297|9679|9487|9015|1442|5810|4521|1079|2759|9003|3423|3512|7897|4834|745|7592|3733|5618|8149|5955|6494|5399|529|3442|456|671|7639|907|3969|4344|86|5060|2790|5570|3847|5649|3963|1521|5173|440|8588|9604|3003|6982|7475|2454|7788|3321|637|7001|4840|3990|9197|5288|7050|8545|2810|6825|3418|3468|6733|6225|7959|1187|8640|6882|3353|9780|9462|1258|9271|4583|8368|2711|3875|4448|7770|5382|3748|553|4888|3170|6537|395|2106|4334|3132
168|1787|2288|7456|2555|7874|7816|3525|3241|8041|4440|297|9679|9487|9015|1442|5810|4521|1079|2759|9003|3423|3512|7897|4834|745|7592|3733|5618|8149|5955|6494|5399|529|3442|456|671|7639|907|3969|4344|86|5060|2790|5570|3847|5649|3963|1521|5173|440|8588|9604|3003|6982|7475|2454|7788|3321|637|7001|4840|3990|9197|5288|7050|8545|2810|6825|3418|3468|6733|6225|7959|1187|8640|6882|3353|9780|9462|1258|9271|4583|8368|2711|3875|4448|7770|5382|3748|553|4888|3170|6537|395|2106|4334|3132|7421|6219
2288|7456|2555|7874|7816|3525|3241|8041|4440|297|9679|9487|9015|1442|5810|4521|1079|2759|9003|3423|3512|7897|4834|745|7592|3733|5618|8149|5955|6494|5399|529|3442|456|671|7639|907|3969|4344|86|5060|2790|5570|3847|5649|3963|1521|5173|440|8588|9604|3003|6982|7475|2454|7788|3321|637|7001|4840|3990|9197|5288|7050|8545|2810|6825|3418|3468|6733|6225|7959|1187|8640|6882|3353|9780|9462|1258|9271|4583|8368|2711|3875|4448|7770|5382|3748|553|4888|3170|6537|395|2106|4334|3132|7421|6219|8093|9661
2555|7874|7816|3525|3241|8041|4440|297|9679|9487|9015|1442|5810|4521|1079|2759|9003|3423|3512|7897|4834|745|7592|3733|5618|8149|5955|6494|5399|529|3442|456|671|7639|907|3969|4344|86|5060|2790|5570|3847|5649|3963|1521|5173|440|8588|9604|3003|6982|7475|2454|7788|3321|637|7001|4840|3990|9197|5288|7050|8545|2810|6825|3418|3468|6733|6225|7959|1187|8640|6882|3353|9780|9462|1258|9271|4583|8368|2711|3875|4448|7770|5382|3748|553|4888|3170|6537|395|2106|4334|3132|7421|6219|8093|9661|1977|7554
7816|3525|3241|8041|4440|297|9679|9487|9015|1442|5810|4521|1079|2759|9003|3423|3512|7897|4834|745|7592|3733|5618|8149|5955|6494|5399|529|3442|456|671|7639|907|3969|4344|86|5060|2790|5570|3847|5649|3963|1521|5173|440|8588|9604|3003|6982|7475|2454|7788|3321|637|7001|4840|3990|9197|5288|7050|8545|2810|6825|3418|3468|6733|6225|7959|1187|8640|6882|3353|9780|9462|1258|9271|4583|8368|2711|3875|4448|7770|5382|3748|553|4888|3170|6537|395|2106|4334|3132|7421|6219|8093|9661|1977|7554|398|8469
3241|8041|4440|297|9679|9487|9015|1442|5810|4521|1079|2759|9003|3423|3512|7897|4834|745|7592|3733|5618|8149|5955|6494|5399|529|3442|456|671|7639|907|3969|4344|86|5060|2790|5570|3847|5649|3963|1521|5173|440|8588|9604|3003|6982|7475|2454|7788|3321|637|7001|4840|3990|9197|5288|7050|8545|2810|6825|3418|3468|6733|6225|7959|1187|8640|6882|3353|9780|9462|1258|9271|4583|8368|2711|3875|4448|7770|5382|3748|553|4888|3170|6537|395|2106|4334|3132|7421|6219|8093|9661|1977|7554|398|8469|4836|9789
4440|297|9679|9487|9015|1442|5810|4521|1079|2759|9003|3423|3512|7897|4834|745|7592|3733|5618|8149|5955|6494|5399|529|3442|456|671|7639|907|3969|4344|86|5060|2790|5570|3847|5649|3963|1521|5173|440|8588|9604|3003|6982|7475|2454|7788|3321|637|7001|4840|3990|9197|5288|7050|8545|2810|6825|3418|3468|6733|6225|7959|1187|8640|6882|3353|9780|9462|1258|9271|4583|8368|2711|3875|4448|7770|5382|3748|553|4888|3170|6537|395|2106|4334|3132|7421|6219|8093|9661|1977|7554|398|8469|4836|9789|1920|1444
9679|9487|9015|1442|5810|4521|1079|2759|9003|3423|3512|7897|4834|745|7592|3733|5618|8149|5955|6494|5399|529|3442|456|671|7639|907|3969|4344|86|5060|2790|5570|3847|5649|3963|1521|5173|440|8588|9604|3003|6982|7475|2454|7788|3321|637|7001|4840|3990|9197|5288|7050|8545|2810|6825|3418|3468|6733|6225|7959|1187|8640|6882|3353|9780|9462|1258|9271|4583|8368|2711|3875|4448|7770|5382|3748|553|4888|3170|6537|395|2106|4334|3132|7421|6219|8093|9661|1977|7554|398|8469|4836|9789|1920|1444|7597|3729
9015|1442|5810|4521|1079|2759|9003|3423|3512|7897|4834|745|7592|3733|5618|8149|5955|6494|5399|529|3442|456|671|7639|907|3969|4344|86|5060|2790|5570|3847|5649|3963|1521|5173|440|8588|9604|3003|6982|7475|2454|7788|3321|637|7001|4840|3990|9197|5288|7050|8545|2810|6825|3418|3468|6733|6225|7959|1187|8640|6882|3353|9780|9462|1258|9271|4583|8368|2711|3875|4448|7770|5382|3748|553|4888|3170|6537|395|2106|4334|3132|7421|6219|8093|9661|1977|7554|398|8469|4836|9789|1920|1444|7597|3729|9015|9069
5810|4521|1079|2759|9003|3423|3512|7897|4834|745|7592|3733|5618|8149|5955|6494|5399|529|3442|456|671|7639|907|3969|4344|86|5060|2790|5570|3847|5649|3963|1521|5173|440|8588|9604|3003|6982|7475|2454|7788|3321|637|7001|4840|3990|9197|5288|7050|8545|2810|6825|3418|3468|6733|6225|7959|1187|8640|6882|3353|9780|9462|1258|9271|4583|8368|2711|3875|4448|7770|5382|3748|553|4888|3170|6537|395|2106|4334|3132|7421|6219|8093|9661|1977|7554|398|8469|4836|9789|1920|1444|7597|3729|9015|9069|4104|3096
1079|2759|9003|3423|3512|7897|4834|745|7592|3733|5618|8149|5955|6494|5399|529|3442|456|671|7639|907|3969|4344|86|5060|2790|5570|3847|5649|3963|1521|5173|440|8588|9604|3003|6982|7475|2454|7788|3321|637|7001|4840|3990|9197|5288|7050|8545|2810|6825|3418|3468|6733|6225|7959|1187|8640|6882|3353|9780|9462|1258|9271|4583|8368|2711|3875|4448|7770|5382|3748|553|4888|3170|6537|395|2106|4334|3132|7421|6219|8093|9661|1977|7554|398|8469|4836|9789|1920|1444|7597|3729|9015|9069|4104|3096|198|6717
9003|3423|3512|7897|4834|745|7592|3733|5618|8149|5955|6494|5399|529|3442|456|671|7639|907|3969|4344|86|5060|2790|5570|3847|5649|3963|1521|5173|440|8588|9604|3003|6982|7475|2454|7788|3321|637|7001|4840|3990|9197|5288|7050|8545|2810|6825|3418|3468|6733|6225|7959|1187|8640|6882|3353|9780|9462|1258|9271|4583|8368|2711|3875|4448|7770|5382|3748|553|4888|3170|6537|395|2106|4334|3132|7421|6219|8093|9661|1977|7554|398|8469|4836|9789|1920|1444|7597|3729|9015|9069|4104|3096|198|6717|7249|328
3512|7897|4834|745|7592|3733|5618|8149|5955|6494|5399|529|3442|456|671|7639|907|3969|4344|86|5060|2790|5570|3847|5649|3963|1521|5173|440|8588|9604|3003|6982|7475|2454|7788|3321|637|7001|4840|3990|9197|5288|7050|8545|2810|6825|3418|3468|6733|6225|7959|1187|8640|6882|3353|9780|9462|1258|9271|4583|8368|2711|3875|4448|7770|5382|3748|553|4888|3170|6537|395|2106|4334|3132|7421|6219|8093|9661|1977|7554|398|8469|4836|9789|1920|1444|7597|3729|9015|9069|4104|3096|198|6717|7249|328|5808|4918
4834|745|7592|3733|5618|8149|5955|6494|5399|529|3442|456|671|7639|907|3969|4344|86|5060|2790|5570|3847|5649|3963|1521|5173|440|8588|9604|3003|6982|7475|2454|7788|3321|637|7001|4840|3990|9197|5288|7050|8545|2810|6825|3418|3468|6733|6225|7959|1187|8640|6882|3353|9780|9462|1258|9271|4583|8368|2711|3875|4448|7770|5382|3748|553|4888|3170|6537|395|2106|4334|3132|7421|6219|8093|9661|1977|7554|398|8469|4836|9789|1920|1444|7597|3729|9015|9069|4104|3096|198|6717|7249|328|5808|4918|5560|9350
7592|3733|5618|8149|5955|6494|5399|529|3442|456|671|7639|907|3969|4344|86|5060|2790|5570|3847|5649|3963|1521|5173|440|8588|9604|3003|6982|7475|2454|7788|3321|637|7001|4840|3990|9197|5288|7050|8545|2810|6825|3418|3468|6733|6225|7959|1187|8640|6882|3353|9780|9462|1258|9271|4583|8368|2711|3875|4448|7770|5382|3748|553|4888|3170|6537|395|2106|4334|3132|7421|6219|8093|9661|1977|7554|398|8469|4836|9789|1920|1444|7597|3729|9015|9069|4104|3096|198|6717|7249|328|5808|4918|5560|9350|8495|5427
5618|8149|5955|6494|5399|529|3442|456|671|7639|907|3969|4344|86|5060|2790|5570|3847|5649|3963|1521|5173|440|8588|9604|3003|6982|7475|2454|7788|3321|637|7001|4840|3990|9197|5288|7050|8545|2810|6825|3418|3468|6733|6225|7959|1187|8640|6882|3353|9780|9462|1258|9271|4583|8368|2711|3875|4448|7770|5382|3748|553|4888|3170|6537|395|2106|4334|3132|7421|6219|8093|9661|1977|7554|398|8469|4836|9789|1920|1444|7597|3729|9015|9069|4104|3096|198|6717|7249|328|5808|4918|5560|9350|8495|5427|6585|7680
5955|6494|5399|529|3442|456|671|7639|907|3969|4344|86|5060|2790|5570|3847|5649|3963|1521|5173|440|8588|9604|3003|6982|7475|2454|7788|3321|637|7001|4840|3990|9197|5288|7050|8545|2810|6825|3418|3468|6733|6225|7959|1187|8640|6882|3353|9780|9462|1258|9271|4583|8368|2711|3875|4448|7770|5382|3748|553|4888|3170|6537|395|2106|4334|3132|7421|6219|8093|9661|1977|7554|398|8469|4836|9789|1920|1444|7597|3729|9015|9069|4104|3096|198|6717|7249|328|5808|4918|5560|9350|8495|5427|6585|7680|4776|1760
5399|529|3442|456|671|7639|907|3969|4344|86|5060|2790|5570|3847|5649|3963|1521|5173|440|8588|9604|3003|6982|7475|2454|7788|3321|637|7001|4840|3990|9197|5288|7050|8545|2810|6825|3418|3468|6733|6225|7959|1187|8640|6882|3353|9780|9462|1258|9271|4583|8368|2711|3875|4448|7770|5382|3748|553|4888|3170|6537|395|2106|4334|3132|7421|6219|8093|9661|1977|7554|398|8469|4836|9789|1920|1444|7597|3729|9015|9069|4104|3096|198|6717|7249|328|5808|4918|5560|9350|8495|5427|6585|7680|4776|1760|8621|730
3442|456|671|7639|907|3969|4344|86|5060|2790|5570|3847|5649|3963|1521|5173|440|8588|9604|3003|6982|7475|2454|7788|3321|637|7001|4840|3990|9197|5288|7050|8545|2810|6825|3418|3468|6733|6225|7959|1187|8640|6882|3353|9780|9462|1258|9271|4583|8368|2711|3875|4448|7770|5382|3748|553|4888|3170|6537|395|2106|4334|3132|7421|6219|8093|9661|1977|7554|398|8469|4836|9789|1920|1444|7597|3729|9015|9069|4104|3096|198|6717|7249|328|5808|4918|5560|9350|8495|5427|6585|7680|4776|1760|8621|730|5254|2058
